{
    "D:/Linkedin/": {
        "0. Ideas.txt": 1714064731.6052818
    },
    "D:/Linkedin/2024": {},
    "D:/Linkedin/2024/04": {
        "04_25_2024.docx": 1714062597.4178975,
        "04_26_2024.txt": 1714144023.3982253,
        "04_29_2024.txt": 1714406769.770264,
        "04_30_2024.txt": 1714492268.4211626,
        "aws.jpg": 1714144187.141759,
        "Data replication.jpeg": 1714407070.8255548,
        "data security.jpeg": 1714492962.4089384
    },
    "D:/Linkedin/2024/05": {
        "05_02_2024.txt": 1714664237.5673945,
        "05_04_2024.txt": 1714832480.1870737,
        "05_06_2024.txt": 1715008200.6777394,
        "05_10_2024.txt": 1715351365.3017004,
        "05_13_2024.txt": 1715614995.9858072,
        "05_15_2024.txt": 1715799868.4388497,
        "05_17_2024.txt": 1715959881.908876,
        "05_22_2024.txt": 1716414340.3335512,
        "05_24_2024.txt": 1716569778.253246,
        "big data.jpeg": 1714664371.16395,
        "cloud computing.png": 1715615139.920851,
        "data ingestion frequency.png": 1715960177.1460028,
        "data ingestion patterns.jpg": 1714832630.3497765,
        "dead letter queue.png": 1715351579.5987327,
        "event tracking.jpg": 1715799931.445881,
        "hot-cold data.jpeg": 1715008320.202437,
        "isolation levels.jpg": 1716569870.5471368,
        "serverless computing.png": 1716414415.9812622
    },
    "D:/Linkedin/2024/06": {
        "06_03_2024.txt": 1717427733.049319,
        "dbt.png": 1717427828.9549494
    }
}